customer_id,customer_name,contact_name,phone,fax,bill_to,balance_total,market,merchant_group,xero_account_number
1,Hetherington,,,,,0,Local,,
2,New Gaia Energy Co Ltd,,,,"New Gaia Energy Co., Ltd 3-9-1 Nanotsu, Chuo-ku, Fukuoka-city, Fukuoka 810-0071, JAPAN",0,Export,,
3,Clive Wilson Automotive,,,,Clive Wilson Automotive Unit 10/56 Newton Street Mt Maunganui 3116,0,Local,,
4,Export Sinorplasticos Ltda,,,,Sinorplasticos Ltda Rua do Parque No51 4500-055 Espinho PORTUGAL,0,Export,,
5,Miscellaneous,,,,,0,Local,,
6,Mitre 10 Mega,Damien,,,Mitre 10 Mega,779.14,Local,Mitre 10 Mega,
7,Mitre 10 Mega:Mitre 10 Mega Napier,Sales,06 833 8100,,Mitre 10 Mega 180 Prebensen Drive Napier 4110,389.57,Local,Mitre 10 Mega,M10_02
8,Mitre 10 Mega:Mitre 10 Mega Hastings,Sales,06 8729404,,Mitre 10 Mega 614 Karamu Road North Hastings 4122,389.57,Local,Mitre 10 Mega,M10_01
9,Export,,,,SCEA DE JAPIENDOO F47130 PORT STE MARIE FRANCE,-252050.27,Export,,
10,Export:Manjimup Kiwi Trust,Chris Taylor,,,Manjimup Kiwi Trust C/- Redland Fruit P O Box 42 Lutwyche QLD 4030 AUSTRALIA,0,Export,,
11,Export:Artech & Co Ltd - Japan,Nobu Nakazawa,+81 459842810,,"Artech & Co Ltd Shima Bldg 3F 1 - 6 Shiratoridai Aobaku, Yokohama JAPAN 227-0054",0,Export,,
12,Export:Apostolos Mingos - Greece,,,,Apostolos Mingos Vas. Sofias 5 Xanthi 67133 GREECE,0,Export,,
13,Export:Benjamin Urenda Ossa,Benjamin,56962185594,,"Benjamin Urenda Ossa Sociedad Agricola Las Loicas Limitada 8th Floor, 45 Plaza De La Justicia Valparaiso CHILE 2361822",0,Export,,
14,Export:Daesung & Farm,Christine LIM,-11136,,Daesung & Farm 662 Kyunginro Guro-gu Seoul South Korea,0,Export,,
15,Export:Francisco Cunha - Portugal,,,,Francisco Cunha Quinta Da Senhora Da Hora Unipessoal Ltd Rua Dr. Manuel Ramos 104 4415-456 Grijo PORTUGAL,0,Export,,
16,Export:Fuminori Sato,Fuminori Sato,,,Fuminori Sato 1502 Kakinosawa Shimohisakata IIda-shi Nagano 399-2604 JAPAN,0,Export,,
17,Export:Isaac Salasidis - Greece,,,,Isaac Salasidis Infrastructure Engineer Miliadou 17 - Veria GREECE 59100,0,Export,,
18,Export:Jeju Golden Kiwi Cooperative,,PH. +82 64 7879566,,"Mee Seon KIM (GC Pack Manager) 2269 Byeonji Namwon-ri Nam-eup Seogwipo-si, Jeju do SOUTH KOREA PH:82 764 7650 Mob: 82 10 9501 6918",0,Export,,
19,Export:John Calvert - Thailand,,,,"Isaan Seeds (Thailand) Ltd 55 Moo 7 Sa Yao Sri Rattana,Srisaket 33240 THAILAND",0,Export,,
20,Export:Just Trees South Africa,,,,Just Trees (Pty) Ltd P.O.Box 7270 Noorde Paarl 7623 Western Cape South Africa,0,Export,,
21,Export:Klipon NA Inc,,,,Klipon NA Inc 1313 Sandy Acres Lane Nipomo Mesa California 93444 USA,-255271.02,Export,,
22,Export:Konstantine Vekua,Konstantine Vekua,,,Nergeta Ltd 1st Gujareti Str 88A 0144 Tbilisi GEORGIA,0,Export,,
23,Export:Lu.Ma. Agricola Soc.,,,,Lu.Ma.Agricola Soc. Semplice di Luca Cappellini & Co Piazza San Nicola 7 Colonna (Roma) ITALY 00030,0,Export,,
24,Export:Mariano Saez,,,,"Mariano Saez Alvarado 1368 PB, of. 3, B7602HGB Mar del Plata Argentina +59 9 223 5215159",0,Export,,
25,Export:New Gaea Agri - Japan,Mrs Mika Matsumoto,+81 92 7181420,+81 92 7180148,"New Gaea Agri Co., Ltd The New Gaea Building 3-9-1 Nanotsu, Chuo-ku Fukuoka City, Fukuoka 810-0071 JAPAN",0,Export,,
26,Export:Ocean Trading Co. Ltd.,,,,"Ocean Trading Co. Ltd WEST18, 254 Donomae-cho Nakagyo-ku Kyoto 604-8134 JAPAN",0,Export,,
27,Export:Odawara-Kodama Trading,Kazuyuki Odawara,,,1-14-35 Higashikanagawa Kanagawa-Ku Yokohama  221-0044 JAPAN,0,Export,,
28,Export:Stefanos Kousis,,,,,0,Export,,
29,Export:Sungold Distributors,Cameron Dusting,0061 408 67 6316,0061 243 020 957,"Sungold Distributors RMB 5785, Oak Road Matcham NSW 2250 Australia",0,Export,,
30,Export:Sungold Distributors:Adelaide,,08 84471011,,"SUNGOLD DISTRIBUTORS RMB 5785 OAK ROAD,MATCHAM N.S.W 2250 AUSTRALIA",0,Export,,
31,Export:Sungold Distributors:Melbourne,,,,"Sungold Distributers RMB 5785, Oak Road Matcham NSW 2250 AUSTRALIA",0,Export,,
32,Export:Sungold Distributors:Perth,,,,Sungold Distributors 150 Oak Road Matcham NSW 2250 AUSTRALIA,0,Export,,
33,Export:Sungold Distributors:Sydney,Cameron Dusting,,,"Sungold Distributors RMB 5785,150 Oak Road Matcham NSW 2250 AUSTRALIA",0,Export,,
34,Export:Sungold Distributors:Tasmania,,,,"Sungold Distributors RMB 5785, Oak Road Matcham NSW 2250 AUSTRALIA",0,Export,,
35,Export:Cielplus Co Ltd (Wellplus) - Korea,Eunseong Lee,+82 42 825 3022,,"Cielplus Co Ltd (Wellplus) - KOREA 502 Gwanjeo Plaza 14 Gwanjeobuk-ro 13beon-gil, Seo-gu Daejeon 35363 KOREA",0,Export,,
36,Export:Zespri South Korea,Ryan Donovan,,,"JUNG-HWAN JANG- GA P/house Manager Hwang Gueom Dale Association 120, Nansanbong-ro, Sungsan-eup Seogwipo-si, Jeju-do SOUTH KOREA 63635",3220.75,Export,,
37,Local - 1,,,,,504163.95,Local,,
38,Local - 1:Primehort,Ernie Wearmouth,0800127746,,Primehort P O Box 28 Maungaturoto 0547,0,Local,,
39,Local - 1:Cavity Batten Systems Ltd,Graeme Webster,0275755567,,Cavity Batten Systems Ltd 7/23 Tukorako Drive Mt Maunganui 3116,0,Export,,
40,Local - 1:Summit Motors,,,,,0,Local,,
41,Local - 1:Kiwi Cable and Wire Limited,Erica,,,Kiwi Cable and Wire Ltd 185 Matahui Road RD 4 Katikati 3181,0,Local,,
42,Local - 1:Crown Equipment Ltd,,,,Crown Equipment Ltd 28D Jean Batten Drive Mount Launganui 3116,0,Local,,
43,Local - 1:Beach Break,,,,Beach Break,0,Local,,
44,Local - 1:ADL Irrigation and Pump Supplies,Stephanie Mulligan,07 574 4027,,ADL Irrigation and Pump Supplies 5 Triton Ave Mt Maunganui 3116,0,Local,,
45,Local - 1:Altbuild Limited,,,,Altbuild Limited,0,Local,,
46,Local - 1:Backyard Games NZ Ltd,Cameron Brown,0273073336,,Backyard Games NZ Ltd 33/23 Tukorako Drive Mt Maunganui 3116,0,Export,,
47,Local - 1:Ceiling Fan Company,Sam Simpson,07 575 2200,,Ceiling Fan Company (2015) NZ Ltd 195 Grange Rd Otumoetai Tauranga 3110,0,Local,,
48,Local - 1:Clicksafe NZ,Hollie Waugh,021 250 4215,,Clicksafe NZ 45 Sandhurst Drive Papamoa,0,Local,,
49,Local - 1:Ellison Scott,,027 4234873,,Scott Ellison,0,Local,,
50,Local - 1:Ellison R.J & K.J-Makaira Orchard,Robbie Ellison,07 575 5449,,R.J.& K.J.Ellison 18A Rita St Mount Maunganui,0,Local,,
51,"Local - 1:Ellison, Trent  - (Delphinus Orchard)",,07 5734839,,Delphineus Ltd 347 Brown Rd R.D.8 Te Puke,0,Export,,
52,Local - 1:Erickson -John,06 879 9600,0275 672 427,,John Erickson P.O.Box 7508 Taradale 4141,0,Local,,
53,Local - 1:Ericksen Mark - Waima Trading,,,,Mark Ericksen Waima Fruit Company 1495 Korokipo Rd RD 3 NAPIER,0,Local,,
54,Local - 1:Franklin Orcharding Ltd,,,,Franklin Orcharding Ltd 180 Ocean Road OHOPE 3121,0,Local,,
55,Local - 1:KAHU ORCHARD,Williw Waters,,,KAHU ORCHARD P O Box 4035 Mt Maunganui 3149,0,Local,,
56,Local - 1:Kiwi Export Ltd T/A Origami Paddlers,Derek Holmes,027 434 9934,,Kiwi Export Ltd T/A Origami Paddlers 22/23 Tukorako Drive Mt Maunganui 3116,0,Export,,
57,Local - 1:Mace Landscapes,Warick,021325459,,Mace Landscapes 121 Phillip Road Takanini AUCKLAND 2105,0,Local,,
58,Local - 1:My Hoody,Shereen Bell,,,Mt Surfwear T/A My Hoody 50 Tweed Street MT MAUNGANUI 3116,0,Local,,
59,Local - 1:Natural Fit,Olly Coffey,021502841,,Natural Fit,0,Local,,
60,Local - 1:Oceanbridge,Janelle Storer,07 927 8267,,Oceanbridge Shipping Limited 25 Anzac Street Takapuna Auckland,0,Local,,
61,Local - 1:RMT Developments Ltd,Ross Thomas,021725562,,RMT Developments Ltd 14 Tyne Street Mt Maunganui 3116,0,Local,,
62,Local - 1:Slurry Services Ltd,Doug Kirby,0274 927 626,,Slurry Services Ltd 374 Otumoetai Road Otumoetai,39.84,Local,,
63,Local - 1:Te Kowhai Hort Ltd,,,,Te Kowhai Hort Ltd 14 Jess Road RD 2 Omokoroa 3172,0,Local,,
64,Local - 1:The Donut Factory,Jon Tate,07 574 0115,,The Donut Factory 2/58 Newton Street Mt Maunganui 3116,0,Local,,
65,Local - 1:Waihi Components,,,,Waihi Components 9 Dean Crescent Waihi,0,Local,,
66,Local - 1:Windshadow Limited,Erica Meyer,,,Windshadow Limited 185 Matahui Road RD 4 KATIKATI 3181,9240.25,Local,,
67,Local - 1:Worx Industries,Bevan,,,Worx Industries Unit15/16 Paerangi Place Turiko Tauranga,0,Local,,
68,Local - 1:Farmlands,Diane Foster,0800200600,,Farmlands Co-operative Private Bag 1968 DUNEDIN 9054,188192.06,Local,Farmlands,
69,Local - 1:Farmlands:Fairlie,Diane Foster,0800200600,,Farmlands Co-operative Private Bag 1968 DUNEDIN 9054,0,Local,Farmlands,FL44
70,Local - 1:Farmlands:Hawkes Bay Hub,Diane Foster,0800200600,,Farmlands Co-operative Private Bag 1968 DUNEDIN 9054,0,Local,Farmlands,FL01
71,Local - 1:Farmlands:Inglewood,Diane Foster,0800200600,,Farmlands Co-operative Private Bag 1968 DUNEDIN 9054,0,Local,Farmlands,FL02
72,Local - 1:Farmlands:Alexandra,Jai Beck/Kathy Wallace,03 4402030,,Farmlands Co-operative Private Bag 1968 DUNEDIN 9054,0,Local,Farmlands,FL03
73,Local - 1:Farmlands:Amberley,Gordon Rodgers,03 3148340,,Farmlands Private Bag  1968 DUNEDIN 9054,15947.91,Local,Farmlands,FL04
74,Local - 1:Farmlands:Ashburton,Peter Clarke,03 3079140,03 3079149,Farmlands Co-operative Private Bag 1968 DUNEDIN 9054,0,Local,Farmlands,FL05
75,Local - 1:Farmlands:Blenheim,James Cochrane/Johnny McMillan,03 579 3150,03 579 3159,Farmlands Co-operative Private Bag 1968 Dunedin 9054,798.62,Local,Farmlands,FL06
76,Local - 1:Farmlands:Christchurch,,035793150,,Farmlands Co-operative Private Bag 1968 DUNEDIN 9054,0,Local,Farmlands,FL07
77,Local - 1:Farmlands:Cromwell,Pip McKinnel/Caroline Hayes,03 4450174,03 445 0176,Farmlands Co-operative Private Bag 1968 DUNEDIN 9054,4231.74,Local,Farmlands,FL08
78,Local - 1:Farmlands:Culverden,,,,Farmlands Co-Operative Private Bag 1968 DUNEDIN 9054,0,Local,Farmlands,FL09
79,Local - 1:Farmlands:Gisborne,Jenny Skanks,06 8688804,,Farmlands Co-operative Private Bag 1968 DUNEDIN 9054,0,Local,Farmlands,FL10
80,Local - 1:Farmlands:Greymouth,,,,Farmlands Co-operative Private Bag 1968 DUNEDIN 9054,0,Local,Farmlands,FL11
81,Local - 1:Farmlands:Greytown,Joanne Simpson,06 3048045,,"Farmlands Co-operative, Private Bag 1968 DUNEDIN 9054",0,Local,Farmlands,FL12
82,Local - 1:Farmlands:Hastings,,06 8768029,,Farmlands Co-operative Private Bag 1968 DUNEDIN 9054,363.67,Local,Farmlands,FL13
83,Local - 1:Farmlands:Hautapu,,07 827 4206,07 823 4268,Farmlands Co-operative Private Bag 1968 DUNEDIN 9054,0,Local,Farmlands,FL14
84,Local - 1:Farmlands:Helensville,Ross Good,09 420 8307,09 4208065,Farmlands Co-operative Private Bag 1968 DUNEDIN 9054,0,Local,Farmlands,FL15
85,Local - 1:Farmlands:Kaikoura,Dallas Curtis,03 3195448,,Farmlands Co-Operative Private Bag 1968 DUNEDIN 9054,0,Local,Farmlands,FL16
86,Local - 1:Farmlands:Kaitaia,,09 408 4031,09 108 4895,Farmlands Co-operative Private Bag 1968 DUNEDIN 9054,0,Local,Farmlands,FL17
87,Local - 1:Farmlands:Kamo,Garry Parsons,09 435 5037,09 435 5027,Farmlands co-operative Private Bag 1968 DUNEDIN 9054,0,Local,Farmlands,FL18
88,Local - 1:Farmlands:Kurow,,03 4360917,,Farmlands Co-operative Private Bag 1968 DUNEDIN 9054,0,Local,Farmlands,FL19
89,Local - 1:Farmlands:Levin,,,,Farmlands Co-operative Private Bag 1968 DUNEDIN 9054,0,Local,Farmlands,FL20
90,Local - 1:Farmlands:Marton,Stephen,03 3277149,,Farmlands Co-Operative Private Bag 1968 DUNEDIN 9054,0,Local,Farmlands,FL21
91,Local - 1:Farmlands:Morrinsville,Diane Foster,0800200600,,Farmlands Co-operative Private Bag 1968 DUNEDIN 9054,0,Local,Farmlands,FL22
92,Local - 1:Farmlands:Motueka,Carol Noakes,03 5281100,,Farmlands Co-operative Private Bag 1968 DUNEDIN 9054,381.95,Local,Farmlands,FL23
93,Local - 1:Farmlands:New Plymouth Bell Block,Diane Foster,0800200600,,Farmlands Co-operative Private Bag 1968 DUNEDIN 9054,0,Local,Farmlands,FL24
94,Local - 1:Farmlands:Napier,,,,Farmlands Co-operative Private Bag 1968 DUNEDIN 9054,0,Local,Farmlands,FL25
95,Local - 1:Farmlands:Opotiki,Rob Briscoe,07 315 3008,,Farmlands Co-operative Private Bag 1968 DUNEDIN 9054,40371.9,Local,Farmlands,FL26
96,Local - 1:Farmlands:Otaki,Robert /Brett Adams,06 3649079,06 3649089,Farmlands Co-operative Private Bag 1968 DUNEDIN 9054,0,Local,Farmlands,FL27
97,Local - 1:Farmlands:Palmerston North,,,,Farmlands Co-Operative Private Bag 1968 DUNEDIN 9054,0,Local,Farmlands,FL28
98,Local - 1:Farmlands:Pukekohe,A M Verissimo,09 23603035,,Farmlands Co-operative Private Bag 1968 DUNEDIN 9054,0,Local,Farmlands,FL29
99,Local - 1:Farmlands:Rangiora,Bridget Smith,03 313 2299,,Farmlands Co-operative Private Bag 1968 DUNEDIN 9054,0,Local,Farmlands,FL30
100,Local - 1:Farmlands:Richmond,Evan Primmer,03 5439452,,Farmlands Co-operative Private Bag 1968 DUNEDIN 9054,0,Local,Farmlands,FL31
101,Local - 1:Farmlands:Rotorua,,,,Farmlands Private Bag 1968 Dunedin 9054,0,Local,Farmlands,FL32
102,Local - 1:Farmlands:Tauranga,Graham,07 5784049,,Farmlands Co-operative Private Bag 1968 DUNEDIN 9054,11263.97,Local,Farmlands,FL33
103,Local - 1:Farmlands:Te Awamutu,,07 8720230,,Farmlands Co-operative Private Bag 1968 DUNEDIN 9054,0,Local,Farmlands,FL34
104,Local - 1:Farmlands:Te Puke,Chris Cleaver/Dean/Lynn Lewer,07 5737216,,Farmlands Co-operative Private Bag 1968 DUNEDIN 9054,67828.51,Local,Farmlands,FL35
105,Local - 1:Farmlands:Te Puna,Steve/Geoff,07 552 5072,,Farmlands Co-operative Private Bag 1968 DUNEDIN 9054,33660.92,Local,Farmlands,FL36
106,Local - 1:Farmlands:Waipapa,Robert Webb,09 4076953,,Farmlands Co-operative Private Bag 1968 DUNEDIN 9054,0,Local,Farmlands,FL37
107,Local - 1:Farmlands:Wairoa,Laryssa Spence,06 8387209,,Farmlands Co-operative P rivate Bag 1968 DUNEDIN 9054,0,Local,Farmlands,FL38
108,Local - 1:Farmlands:Wanganui,Kellie Reed/Brian,06 3491240,06 3491249,Farmlands Co-operative Private Bag 1968 DUNEDIN 9054,3378.68,Local,Farmlands,FL39
109,Local - 1:Farmlands:Wellsford,Alastair McConnachie,09 423 7957,,Farmlands Co-operative Private Bag 1968 Dunedin 9054,0,Local,Farmlands,FL40
110,Local - 1:Farmlands:Whakatane,Amy/Kristy,07 3060187,,Farmland Co-operative Private Bag 1968 DUNEDIN 9054,9154.63,Local,Farmlands,FL41
111,Local - 1:Farmlands:Whakatu,Aidan Fredrickson,06 8768029,,Farmlands Co-operative Private Bag 1968 DUNEDIN 9054,0,Local,Farmlands,FL42
112,Local - 1:Farmlands:Whangarei,Tim Harris,09 438 8824,09 4388154,Farmlands Co-operative Private Bag 1968 DUNEDIN 9054,809.56,Local,Farmlands,FL43
113,Local - 1:Grow It Ltd,Campbell Tacon,,,Grow It Ltd - Campbell Tacon 121 Silverton Road NAPIER 4182,0,Local,,
114,Local - 1:Horticentre / TasmanCrop,,,,Horticentre / TasmanCrop P O Box 547 Drury 2247 Auckland,83202.8,Local,Horticentre,
115,Local - 1:Horticentre / TasmanCrop:Cromwell,Catrina MacLachlan,03 4283254,,Horticentre Limited PO Box 547 Drury 2247 Auckland,0,Local,Horticentre,HC01
116,Local - 1:Horticentre / TasmanCrop:Drury,David Richardson,09 294 8453,,Horticentre Limited P O Box 547 Drury 2247 Auckland,0,Local,Horticentre,HC02
117,Local - 1:Horticentre / TasmanCrop:Gisborne,,,,Horticentre Limited PO Box 547 Drury 2247 AUCKLAND,10685.15,Local,Horticentre,HC03
118,Local - 1:Horticentre / TasmanCrop:Massey,Zuli Allu,09 832 1400,09 832 1699,Horticentre Limited P O Box 547 Drury 2247 Auckland,0,Local,Horticentre,HC04
119,Local - 1:Horticentre / TasmanCrop:Motueka,Tim Varley/Sheldon Brown,03 528 6215,03 5280215,Horticentre Ltd P.O.Box 547 Drury Auckland,8735.4,Local,Horticentre,HC05
120,Local - 1:Horticentre / TasmanCrop:Pukekohe,Peter Ellmers,09 238 4120,09 2383789,Horticentre Limited P O Box 547 Drury 2247 Auckland,20754.17,Local,Horticentre,HC06
121,Local - 1:Horticentre / TasmanCrop:Renwick,Craig Barber,03 572 5164,035725165,Horticentre Ltd P.O.Box 547 Drury 2247 Auckland,1690.17,Local,Horticentre,HC07
122,Local - 1:Horticentre / TasmanCrop:Richmond,John Hamilton,03 544 6668,03 5441506,Horticentre Ltd P.O.Box 547 Drury 2247 Auckland,0,Local,Horticentre,HC08
123,Local - 1:Horticentre / TasmanCrop:Tauranga,Daniel Green/Natalie Spurr,07 541 0808,,Horticentre Limited P O Box 547 Drury 2247 Auckland,41337.91,Local,Horticentre,HC09
124,Local - 1:Horticentre / TasmanCrop:Whakatu,Garry Burlace/Brian Slader,,,Horticentre Ltd PO Box 547 Drury Auckland 2247,0,Local,Horticentre,HC10
125,Local - 1:Horticentre / TasmanCrop:Whangarei,Eileen Hales,09 4381045,,Horticentre/Tasman Crop P O Box 547 Drury 2247 Auckland,0,Local,Horticentre,HC11
126,Local - 1:Icon Trees,Mike Cato,09 274 4934,09 2740177,Icon Trees P.O.Box 153 Whitford Manukau 21,329.34,Export,,
127,Local - 1:Johnny Appleseed Holdings,Tony Wrightson,021572814,,Johnny Appleseed Holdings 548 St Georges Road RD 2 HASTINGS,0,Local,,
128,Local - 1:Johnston -  Bruce (Biofields),Bruce Johnston,,,Bruce Johnston Biofields 362 Esdailes Rd Pahoia Tauranga,0,Local,,
129,Local - 1:Kiwi Colour,Warwick Wilson,027 2757846,,Kiwi Colour Limited 352 Kingseat Rd RD4 Pukekohe,0,Export,,
130,Local - 1:Miscellaneous,,,,,0,Local,,
131,Local - 1:PGG Wrightson Ltd,Linda Weir,0800 704707,03 4790114,PGG Wrightson Ltd P O Box 1961 DUNEDIN,223159.66,Local,PGG Wrightson Ltd,
132,Local - 1:PGG Wrightson Ltd:Culverden,Linda Weir,0800 704707,03 4790114,PGG Wrightson Ltd P O Box 1961 DUNEDIN,0,Local,PGG Wrightson Ltd,FF01
133,Local - 1:PGG Wrightson Ltd:Alexandra,JRH,03 4402350,,PGG Wrightson Ltd P O Box 1961 DUNEDIN,0,Local,PGG Wrightson Ltd,FF02
134,Local - 1:PGG Wrightson Ltd:Amberley,Sarah,03 3148516,,PGG Wrightson Ltd P O Box 1961 DUNEDIN,333.98,Local,PGG Wrightson Ltd,FF03
135,Local - 1:PGG Wrightson Ltd:Blenheim,,,,PGG Wrightson Limited P O Box 1961 DUNEDIN,0,Local,PGG Wrightson Ltd,FF04
136,Local - 1:PGG Wrightson Ltd:Cambridge,,,,PGG WRIGHTSON PO BOX 1961 DUNEDIN,0,Local,PGG Wrightson Ltd,FF05
137,Local - 1:PGG Wrightson Ltd:Cheviot,,03 3198772,,PGG Wrightson Ltd P O Box 1961 DUNEDIN,0,Local,PGG Wrightson Ltd,FF06
138,Local - 1:PGG Wrightson Ltd:Christchurch,Liz,03 372 0890,,PGG Wrightson Ltd P O Box 1961 DUNEDIN,0,Local,PGG Wrightson Ltd,FF07
139,Local - 1:PGG Wrightson Ltd:Cromwell,,03 445 3730,03 4451149,PGG Wrightson Ltd P O Box 1961 DUNEDIN,4134.68,Local,PGG Wrightson Ltd,FF08
140,Local - 1:PGG Wrightson Ltd:Dargaville,,09 439 3340,,PGG Wrightson Ltd P O Box 1961 DUNEDIN,0,Local,PGG Wrightson Ltd,FF09
141,Local - 1:PGG Wrightson Ltd:Feilding,Sarah,06 323 0050,06 323 0621,PGG Wrightson P O Box 1961 DUNEDIN,0,Local,PGG Wrightson Ltd,FF10
142,Local - 1:PGG Wrightson Ltd:Geraldine,Sarah Cleveland,,,PGG Wrightson Ltd PO Box 1961 DUNEDIN,0,Local,PGG Wrightson Ltd,FF11
143,Local - 1:PGG Wrightson Ltd:Gisborne,,,,PGG Wrighston Ltd P O Box 1961 DUNEDIN,308.55,Local,PGG Wrightson Ltd,FF12
144,Local - 1:PGG Wrightson Ltd:Hastings,,06 873 0950,06 876 3305,PGG Wrightson P O Box 1961 DUNEDIN,26094.37,Local,PGG Wrightson Ltd,FF13
145,Local - 1:PGG Wrightson Ltd:Helensville,,,,PGG Wrightson P O Box 1961 DUNEDIN,0,Local,PGG Wrightson Ltd,FF14
146,Local - 1:PGG Wrightson Ltd:Invercargill,Paul Winder,03 2113160,,PGG Wrightson Ltd PO Box 1961 DUNEDIN,0,Local,PGG Wrightson Ltd,FF15
147,Local - 1:PGG Wrightson Ltd:Katikati,George,07 5491316,,PGG Wrightson Ltd P O Box 1961 DUNEDIN,122011.8,Local,PGG Wrightson Ltd,FF16
148,Local - 1:PGG Wrightson Ltd:Levin,,06 368 0892,06 368 8628,PGG Wrightson Ltd P O BOX  1961 DUNEDIN,0,Local,PGG Wrightson Ltd,FF17
149,Local - 1:PGG Wrightson Ltd:Martinborough,,,,PGG Wrightson Ltd P O Box 1961 DUNEDIN,0,Local,PGG Wrightson Ltd,FF18
150,Local - 1:PGG Wrightson Ltd:Masterton,,06 370 1855,06 377 2053,PGG Wrightson Private Bag 1961 DUNEDIN,0,Local,PGG Wrightson Ltd,FF19
151,Local - 1:PGG Wrightson Ltd:Motueka,,,,PGG Wrightson P O Box 1961 DUNEDIN,6331.56,Local,PGG Wrightson Ltd,FF20
152,Local - 1:PGG Wrightson Ltd:Porirua,Dwayne,,,PGG Wrightson Ltd P O Box 1961 DUNEDIN,0,Local,PGG Wrightson Ltd,FF21
153,Local - 1:PGG Wrightson Ltd:Pukekohe,,09 2380713,,PGG Wrightson Ltd P O Box 1961 DUNEDIN,0,Local,PGG Wrightson Ltd,FF22
154,Local - 1:PGG Wrightson Ltd:Richmond,,03 5438590,,PGG Wrightson P O Box 1961 DUNEDIN,720.87,Local,PGG Wrightson Ltd,FF23
155,Local - 1:PGG Wrightson Ltd:Roxburgh,,,,PGG Wrightson P O Box 1961 DUNEDIN,0,Local,PGG Wrightson Ltd,FF24
156,Local - 1:PGG Wrightson Ltd:Te Puke,,,,PGG Wrightson Ltd P O Box 1961 DUNEDIN,56469.26,Local,PGG Wrightson Ltd,FF25
157,Local - 1:PGG Wrightson Ltd:Temuka,Linda Weir,0800 704707,03 4790114,PGG Wrightson Ltd P O Box 1961 DUNEDIN,0,Local,PGG Wrightson Ltd,FF26
158,Local - 1:PGG Wrightson Ltd:Timaru,,0800 367744/03 687338,03 4790114,PGG Wrightson Ltd P O Box 1961 DUNEDIN,0,Local,PGG Wrightson Ltd,FF27
159,Local - 1:PGG Wrightson Ltd:Waihi,,,,PGG Wrightson Ltd PO Box 1961 DUNEDIN,0,Local,PGG Wrightson Ltd,FF28
160,Local - 1:PGG Wrightson Ltd:Waipapa,,09 4079621,09 4079691,PGG Wrightson Ltd P O Box 1961 DUNEDIN,6754.59,Local,PGG Wrightson Ltd,FF29
161,Local - 1:PGG Wrightson Ltd:Wanganui,,,,PGG Wrightson Ltd PO Box 1961 DUNEDIN,0,Local,PGG Wrightson Ltd,FF30
162,Local - 1:PGG Wrightson Ltd:Wellsford,Alastair,,,PGG Wrightson Ltd PO Box 1961 DUNEDIN,0,Local,PGG Wrightson Ltd,FF31
163,Local - 1:PGG Wrightson Ltd:Whakatane,Amy Searle,07 3060187,,PGG Wrightson Ltd P O Box 1961 DUNEDIN,0,Local,PGG Wrightson Ltd,FF32
164,Local - 1:PGG Wrightson Ltd:Whangarei,Jodie Martin,09 4702522,,PGG Wrightson Ltd PO Box 1961 DUNEDIN,0,Local,PGG Wrightson Ltd,FF33
165,Local - 1:PGG Wrightson Ltd:Wyndham,Russell,,,PGG Wrightson PO Box 1961 DUNEDIN,0,Local,PGG Wrightson Ltd,FF34
166,Local - 1:Helga May Wholesale,,,,,0,Local,,
167,Local - 1:Rainbow Park Nurseries,Al Williams,09 2943109,,Rainbow Park Nurseries 46 Cooper Road Ramarama Drury Auckland 2479,0,Local,,
168,Local - 1:Templeman - P,,,,Phil Templeman 50 Foleys Road Teddington RD 1 LYTTLETON  8971,0,Local,,
169,Local - 1:The Little Roll Co Ltd,Terry Johnstone,09 6223584,,The Little Roll Co Ltd Attn: Terry Johnstone 97 Campbell Road One Tree Hill AUCKLAND 1061,0,Local,,
170,Local - 1:Topp - Martin,,07 5491432,07 5491439,Martin Topp 37 Tuapiro Road R D 3 Katikati 3170,0,Local,,
171,Local - 1:Waters - Jim,Jim Waters,,,Jim Waters P.O.Box 4035 Mt Maunganui Sth,0,Local,,
172,Local - 1:WestAg Trading Limited,,09 4118767,094118767,WestAg Trading Limited P O Box 149 Waimauku West Auckland,0,Export,,
173,Yokes,,,,,0,Local,,
174,Yokes:Water & Atmosphere Ltd,,,,,0,Local,,
175,Yokes:Zespri International Ltd,,,,Zespri International Ltd P O Box 4043 Mount Maunganui Attn: C Richardson,0,Local,,
176,Farmlands - Alexandra,Alexandra  Farm Centre,,,"1 Ngapara Street, 1 Ngapara Street, ALEXANDRA, Otago, 9320",0,Local,Farmlands,FL03
177,Farmlands - Amberley,Amberley Farm Centre,,,"(Farmlands), (Farmlands), 22 Courage Road, AMBERLEY, Canterbury, 7410",0,Local,Farmlands,FL04
178,Farmlands - Ashburton,Farmlands,,,"418 West Street, 418 West Street, South Canterbury, Ashburton, 7700",0,Local,Farmlands,FL05
179,Farmlands - Blenheim,Farmlands,,,"15 Westwood Avenue, 15 Westwood Avenue, Springlands, Blenheim, 7201",0,Local,Farmlands,FL06
180,Farmlands - Christchurch,Farmlands,,,"156 Waterloo Road, 156 Waterloo Road, Hornby, Christchurch, 8042",0,Local,Farmlands,FL07
181,Farmlands - Cromwell,Farmlands,,,"22 Chardonnay Street, 22 Chardonnay Street, Cromwell, 9310",0,Local,Farmlands,FL08
182,Farmlands - Culverden,Farmlands,,,"70 Mountain Road, 70 Mountain Road, RD Culverden, North Canterbury, 7392",0,Local,Farmlands,FL09
183,Farmlands - Gisborne,Farmlands,,,"110-112 Lowe Street, 110-112 Lowe Street, Gisborne, 4040",0,Local,Farmlands,FL10
184,Farmlands - Greymouth,Farmlands,,,"30 Herbert Street, 30 Herbert Street, GREYMOUTH, West Coast, 7805",0,Local,Farmlands,FL11
185,Farmlands - Greytown,Farmlands,,,"219 Main Street, 219 Main Street, Greytown, 5712",0,Local,Farmlands,FL12
186,Farmlands - Hastings,Farmlands Hastings,,,"Warehouse #265-1001, 7 Barnes Place, Twyford, Hastings, 4175",0,Local,Farmlands,FL13
187,Farmlands - Hautapu,Farmlands,,,"64 Hautapu Road, 64 Hautapu Road, RD1, Cambridge, 3493",0,Local,Farmlands,FL14
188,Farmlands - Hawke's Bay Hub,,,,"7 Barnes Place, Twyford, Twyford, 4175",0,Local,Farmlands,FL01
189,Farmlands - Helensville,Farmlands,,,"97 Mill Road, 97 Mill Road, HELENSVILLE, Northland, 800",0,Local,Farmlands,FL15
190,Farmlands - Inglewood,Farmlands Inglewood,,,"110 Rata Street, 110 Rata Street, Inglewood, 4330",0,Local,Farmlands,FL02
191,Farmlands - Kaikoura,Farmlands,,,"70 Beach Road, 70 Beach Road, RD, Kaikoura, 7220",0,Local,Farmlands,FL16
192,Farmlands - Kaitaia,Farmlands,,,"31 North Park Drive, 31 North Park Drive, KAITAIA, Northland, 410",0,Local,Farmlands,FL17
193,Farmlands - Kamo,Farmlands,,,"2 Springs Flat Road, 2 Springs Flat Road, KAMO, Whangarei, 112",0,Local,Farmlands,FL18
194,Farmlands - Kurow,Farmlands,,,"34 Bledisloe Street, 34 Bledisloe Street, Otago, Rd    Kurow, 9435",0,Local,Farmlands,FL19
195,Farmlands - Levin,Farmlands Trading Society,,,"537 Queen St, 537 Queen St, Levin, 5510",0,Local,Farmlands,FL20
196,Farmlands - Marton,Farmlands,,,"61 Pukepapa Road, 61 Pukepapa Road, Marton, 4710",0,Local,Farmlands,FL21
197,Farmlands - Morrinsville,Farmlands,,,"34 Lorne Street, 34 Lorne Street, Morrinsville, 3300",0,Local,Farmlands,FL22
198,Farmlands - Motueka,Farmlands,,,"393-395 High Street, 393-395 High Street, Motueka, 7120",0,Local,Farmlands,FL23
199,Farmlands - Napier,Farmlands Trading Society,,,"200 Prebensen Drive, 200 Prebensen Drive, Onekawa, Napier, 4110",0,Local,Farmlands,FL25
200,Farmlands - New Plymouth Bell Block,Farmlands New Plymouth,,,"1121 Devon Road, Bell Block, New Plymouth, 4312",0,Local,Farmlands,FL24
201,Farmlands - Opotiki,Farmlands,,,"2  Potts Ave, 2  Potts Ave, Opotiki, 3122",0,Local,Farmlands,FL26
202,Farmlands - Otaki,Farmlands,,,"Cnr Mill Rd & Dunstan St, Cnr Mill Rd & Dunstan St, Otaki, 5512",0,Local,Farmlands,FL27
203,Farmlands - Palmerston North,Farmlands,,,"505 Tremaine Avenue, 505 Tremaine Avenue, Takaro, Palmerston North, 4410",0,Local,Farmlands,FL28
204,Farmlands - Pukekohe,Farmlands,,,"86a Harris Street, 86a Harris Street, Pukekohe, 2120",0,Local,Farmlands,FL29
205,Farmlands - Rangiora,Farmlnds Rangiora,,,"269 Flaxton Road, 269 Flaxton Road, Rangiora, 7400",0,Local,Farmlands,FL30
206,Farmlands - Richmond,Farmlands,,,"32 Main Road, 32 Main Road, RICHMOND, Nelson, 7020",0,Local,Farmlands,FL31
207,Farmlands - Rotorua,Farmlands Rotorua,,,"36 Marguerita Street, 36 Marguerita Street, Fenton Park, Rotorua, 3010",0,Local,Farmlands,FL32
208,Farmlands - Tauranga,Farmlands,,,"20 Taurikura Drive, 20 Taurikura Drive, Tauriko, Tauranga, 3171",0,Local,Farmlands,FL33
209,Farmlands - Te Awamutu,Farmlands,,,"203 Benson Road, 203 Benson Road, Te Awamutu, 3840",0,Local,Farmlands,FL34
210,Farmlands - Te Puke,Farmlands,,,"4 Boucher Ave, 4 Boucher Ave, Te Puke, 3153",0,Local,Farmlands,FL35
211,Farmlands - Te Puna,Farmlands,,,"15B Minden Rd, 15B Minden Rd, Te Puna, 3176",0,Local,Farmlands,FL36
212,Farmlands - Waipapa,Farmlands,,,"30 Klinac Lane, 30 Klinac Lane, Kerikeri, Waipapa, 230",0,Local,Farmlands,FL37
213,Farmlands - Wairoa,Farmlands,,,"53 Bridge St, 53 Bridge St, Wairoa, 4108",0,Local,Farmlands,FL38
214,Farmlands - Wanganui,Farmlands,,,"49 Heads Road, 49 Heads Road, Gonville, Wanganui, 4500",0,Local,Farmlands,FL39
215,Farmlands - Wellsford,Farmlands,,,"113 Centennial Park Road, 113 Centennial Park Road, Wellsford, Northland, 900",0,Local,Farmlands,FL40
216,Farmlands - Whakatane,Farmlands,,,"35 Commerce Street, 35 Commerce Street, Whakatane, 3120",0,Local,Farmlands,FL41
217,Farmlands - Whakatu,Farmlands,,,"233 Ruahapia Road, 233 Ruahapia Road, RD10, WHAKATU, Hawkes Bay, 4172",0,Local,Farmlands,FL42
218,Farmlands - Whangarei,Farmlands,,,"10 Southend Avenue, 10 Southend Avenue, Raumanga, Whangarei, 110",0,Local,Farmlands,FL43
219,Horticentre / TasmanCrop - Cromwell,Horticentre Ltd,,,"22 Pinot Noir Drive, 22 Pinot Noir Drive, Cromwell, 9310",0,Local,Horticentre / TasmanCrop,HC01
220,Horticentre / TasmanCrop - Drury,Horticentre Limited,,,"P O Box 547, P O Box 547, Auckland, Drury, 2247",0,Local,Horticentre / TasmanCrop,HC02
221,Horticentre / TasmanCrop - Gisborne,Horticentre Ltd,,,"32 Salesyards Rd, 32 Salesyards Rd, R D 1 Matawhero, Gisborne, 4071",0,Local,Horticentre / TasmanCrop,HC03
222,Horticentre / TasmanCrop - Massey,Horticentre Ltd,,,"18 Cabernet Crescent, 18 Cabernet Crescent, Westgate, Massey, West Auckland, 614",0,Local,Horticentre / TasmanCrop,HC04
223,Horticentre / TasmanCrop - Motueka,Horticentre Limited,,,"T/A Tasman Crop, T/A Tasman Crop, 28 King Edward St, Motueka, 7120",0,Local,Horticentre / TasmanCrop,HC05
224,Horticentre / TasmanCrop - Pukekohe,Horticentre Limited,,,"221 Manukau Rd, 221 Manukau Rd, Pukekohe, 2120",0,Local,Horticentre / TasmanCrop,HC06
225,Horticentre / TasmanCrop - Renwick,Horticentre Limited Blenheim,,,"T/A Tasman Crop, T/A Tasman Crop, Unit 11, Tyrone Park, Jacks Rd, BLENHEIM, Renwick, 7204",0,Local,Horticentre / TasmanCrop,HC07
226,Horticentre / TasmanCrop - Richmond,Tasman Crop Protection,,,"12 Poutama St, 12 Poutama St, Nelson, Richmond, 7020",0,Local,Horticentre / TasmanCrop,HC08
227,Horticentre / TasmanCrop - Tauranga,Horticentre Ltd,,,"135A Maleme Street, 135A Maleme Street, Greerton, Tauranga, 3112",0,Local,Horticentre / TasmanCrop,HC09
228,Horticentre / TasmanCrop - Whakatu,Horticentre,,,"18 Station Road, 18 Station Road, RD 10, WHAKATU, Hastings, 4180",0,Local,Horticentre / TasmanCrop,HC10
229,Horticentre / TasmanCrop - Whangarei,Horticentre Ltd,,,"43 Porowini Avenue, 43 Porowini Avenue, Morningside, Whangarei, 110",0,Local,Horticentre / TasmanCrop,HC11
230,PGG Wrightson Ltd - Alexandra,Fruitfed Supplies,,,"Div of PGG Wrightson, Div of PGG Wrightson, 2 MacLean Road, Alexandra, 9320",0,Local,PGG Wrightson Ltd,FF02
231,PGG Wrightson Ltd - Amberley,PGG Wrightson,,,"73 Carters Road, 73 Carters Road, Amberley, 7410",0,Local,PGG Wrightson Ltd,FF03
232,PGG Wrightson Ltd - Blenheim,Fruitfed Supplies,,,"Div of PGG Wrightson, Div of PGG Wrightson, 20 Westwood Avenue, Springlands, Blenheim, 7201",0,Local,PGG Wrightson Ltd,FF04
233,PGG Wrightson Ltd - Cambridge,PGG WRIGHTSON,,,"87 Duke Street, 87 Duke Street, Cambridge, 3434",0,Local,PGG Wrightson Ltd,FF05
234,PGG Wrightson Ltd - Cheviot,PGG Wrightson Cheviot,,,"2 McQueen Road, 2 McQueen Road, Cheviot, 7310",0,Local,PGG Wrightson Ltd,FF06
235,PGG Wrightson Ltd - Christchurch,PGG Wrightson,,,"411 Blenheim Road, 411 Blenheim Road, Christchurch, 8041",0,Local,PGG Wrightson Ltd,FF07
236,PGG Wrightson Ltd - Cromwell,Fruitfed Supplies,,,"Div of PGG Wrightson, Div of PGG Wrightson, 5 Iles Street, Cromwell, 9310",0,Local,PGG Wrightson Ltd,FF08
237,PGG Wrightson Ltd - Culverden,PGG Wrightson Culverden,,,"48 Main Road, 48 Main Road, Culverden, 7392",0,Local,PGG Wrightson Ltd,FF01
238,PGG Wrightson Ltd - Dargaville,PGG Wrightson Dargaville,,,"Totara Street, Totara Street, Dargaville, 310",0,Local,PGG Wrightson Ltd,FF09
239,PGG Wrightson Ltd - Feilding,PGG Wrightson,,,"18 Manchester St, 18 Manchester St, Feilding, 4702",0,Local,PGG Wrightson Ltd,FF10
240,PGG Wrightson Ltd - Geraldine,PGG Wrightson Ltd,,,"58 Talbot Street, 58 Talbot Street, Canterbury, Geraldine, 7930",0,Local,PGG Wrightson Ltd,FF11
241,PGG Wrightson Ltd - Gisborne,Fruitfed Supplies,,,"Div of PGG Wrightson, Div of PGG Wrightson, 21 Solander St, Gisborne, 4010",0,Local,PGG Wrightson Ltd,FF12
242,PGG Wrightson Ltd - Hastings,Fruitfed Supplies,,,"Division of PGG Wrightson, Division of PGG Wrightson, Cnr Maraekakaho/Orchard Rd, Hastings, 4120",0,Local,PGG Wrightson Ltd,FF13
243,PGG Wrightson Ltd - Helensville,Fruitfed Supplies,,,"Div of PGG Wrightson, Div of PGG Wrightson, 41B Mill Road, Helensville, 840",0,Local,PGG Wrightson Ltd,FF14
244,PGG Wrightson Ltd - Invercargill,PGG Wrightson,,,"232 Dee Street, 232 Dee Street, Avenal, Invercargill, 9810",0,Local,PGG Wrightson Ltd,FF15
245,PGG Wrightson Ltd - Katikati,Fruitfed Supplies,,,"Div of PGG Wrightson, Div of PGG Wrightson, 2 Marshall Road, Katikati, 3129",0,Local,PGG Wrightson Ltd,FF16
246,PGG Wrightson Ltd - Levin,Fruitfed Supplies,,,"Division of PGG Wrightson, Division of PGG Wrightson, 84 Cambridge Street South, Levin, 5510",0,Local,PGG Wrightson Ltd,FF17
247,PGG Wrightson Ltd - Martinborough,PGG Wrightson,,,"43-45 Jellicoe Street, 43-45 Jellicoe Street, Martinborough, 5700",0,Local,PGG Wrightson Ltd,FF18
248,PGG Wrightson Ltd - Masterton,PGG Wrightson,,,"38 Lincoln Rd, 38 Lincoln Rd, Masterton, 5810",0,Local,PGG Wrightson Ltd,FF19
249,PGG Wrightson Ltd - Motueka,Fruitfed Supplies,,,"Div of PGG Wrightson, Div of PGG Wrightson, 26 Old Wharf Street, Motueka, 7120",0,Local,PGG Wrightson Ltd,FF20
250,PGG Wrightson Ltd - Porirua,PGG Wrightson,,,"PO Box 1961, DUNEDIN, Dunedin, 1961",0,Local,PGG Wrightson Ltd,FF21
251,PGG Wrightson Ltd - Pukekohe,Fruitfed Supplies,,,"Div of PGG Wrightson, Div of PGG Wrightson, 219 Manukau Rd, Pukekohe, 2120",0,Local,PGG Wrightson Ltd,FF22
252,PGG Wrightson Ltd - Richmond,Fruitfed Supplies,,,"Div of PGG Wrightson, Div of PGG Wrightson, 18 Estuary Place, RICHMOND, Nelson, 7020",0,Local,PGG Wrightson Ltd,FF23
253,PGG Wrightson Ltd - Roxburgh,PGG Wrightson,,,"99 Scotland Street, 99 Scotland Street, RD, Roxburgh, 9500",0,Local,PGG Wrightson Ltd,FF24
254,PGG Wrightson Ltd - Te Puke,Fruitfed Supplies,,,"Div of  PGG Wrightson, Div of  PGG Wrightson, 7a Jocelyn Street, Te Puke, 3119",0,Local,PGG Wrightson Ltd,FF25
255,PGG Wrightson Ltd - Temuka,PGG Wightson Temuka,,,"3 Wood Street, 3 Wood Street, Temuka, 7920",0,Local,PGG Wrightson Ltd,FF26
256,PGG Wrightson Ltd - Timaru,PGG Wrightson,,,"325 Hilton Highway, 325 Hilton Highway, Washdyke, Timaru, 7910",0,Local,PGG Wrightson Ltd,FF27
257,PGG Wrightson Ltd - Waihi,PGG Wrightson,,,"116 Seddon Street, 116 Seddon Street, Waihi, 3610",0,Local,PGG Wrightson Ltd,FF28
258,PGG Wrightson Ltd - Waipapa,Fruitfed Supplies,,,"Div of PGG Wrightson, Div of PGG Wrightson, 2 Pataka  Lane, RD2, Waipapa, 245",0,Local,PGG Wrightson Ltd,FF29
259,PGG Wrightson Ltd - Wanganui,PGG Wrightson,,,"99 Wilson Street, 99 Wilson Street, Wanganui, 4500",0,Local,PGG Wrightson Ltd,FF30
260,PGG Wrightson Ltd - Wellsford,PGG Wrightson,,,"4 Port Albert Road, 4 Port Albert Road, Wellsford, 900",0,Local,PGG Wrightson Ltd,FF31
261,PGG Wrightson Ltd - Whakatane,PGG Wrightson,,,"12-14 Peace Street, 12-14 Peace Street, Whakatane, 3120",0,Local,PGG Wrightson Ltd,FF32
262,PGG Wrightson Ltd - Whangarei,PGG WRIGHTSON,,,"Cnr Dent & Finlayson Sts, Cnr Dent & Finlayson Sts, Whangarei, 110",0,Local,PGG Wrightson Ltd,FF33
263,PGG Wrightson Ltd - Wyndham,PGG Wrightson,,,"Balaclava Street, Balaclava Street, Wyndham, 9831",0,Local,PGG Wrightson Ltd,FF34
